{"color":{"r":0.3137254901960784,"b":0.8117647058823529,"g":0.4807817828218243,"a":1},"name":"Blue","category":"Color","index":0}