{"color":{"r":0.9123086734693877,"b":0.9073410836280534,"g":0.9073410836280534,"a":1},"name":"Grey #02","category":"Color","index":4}