{"color":{"r":0.1869393315076386,"b":0.2692920918367347,"g":0.199289451228656,"a":1},"name":"Bluegrey #01","category":"Color","index":1}