{"color":{"r":0.9137254901960784,"b":0.9098039215686274,"g":0.9098039215686274,"a":1},"index":4,"category":"Color"}