{"color":{"r":0.2509803921568627,"b":0.3372549019607843,"g":0.2627450980392157,"a":1},"index":5,"category":"Color"}