{"color":{"r":0.2516124248504639,"b":0.3393122851848602,"g":0.2647644281387329,"a":1},"name":"Bluegrey #02","category":"Color","index":2}