{"color":{"r":0.6517591411564626,"b":0.6517591411564626,"g":0.6517591411564626,"a":1},"name":"Grey #01","category":"Color","index":3}