{"color":{"r":0.6509803921568628,"b":0.6509803921568628,"g":0.6509803921568628,"a":1},"index":3,"category":"Color"}