{"index":3,"textStyle":{"fontSize":32,"lineHeight":42,"fontPostscriptName":"OpenSans-Light","color":{"r":0.2516124248504639,"b":0.3393122851848602,"g":0.2647644281387329,"a":1}},"category":"Text Styles","name":"H2-Headline"}